{"cameraMode":{"drawMode":0,"name":"Shaded","section":"Shading Mode"},"sceneLighting":true,"audioPlay":false,"sceneViewState":{"showFog":true,"showMaterialUpdate":false,"showSkybox":true,"showFlares":true,"showImageEffects":true,"showParticleSystems":true},"in2DMode":false,"pivot":{"x":0.1899999976158142,"y":3.0299999713897707,"z":-11.0},"rotation":{"x":-0.03688863664865494,"y":-0.0050877537578344349,"z":0.00018768940935842693,"w":-0.9993064999580383},"size":20.228199005126954,"orthographic":true}