{"cameraMode":{"drawMode":0,"name":"Shaded","section":"Shading Mode"},"sceneLighting":false,"audioPlay":false,"sceneViewState":{"showFog":true,"showMaterialUpdate":true,"showSkybox":true,"showFlares":true,"showImageEffects":true,"showParticleSystems":true},"in2DMode":false,"pivot":{"x":-13.98294448852539,"y":-13.401512145996094,"z":60.35538101196289},"rotation":{"x":-0.25474172830581667,"y":0.639353334903717,"z":-0.2376004457473755,"w":-0.6854779124259949},"size":151.52427673339845,"orthographic":false}