{"cameraMode":{"drawMode":0,"name":"Shaded","section":"Shading Mode"},"sceneLighting":true,"audioPlay":false,"sceneViewState":{"showFog":true,"showMaterialUpdate":false,"showSkybox":true,"showFlares":true,"showImageEffects":true,"showParticleSystems":true},"in2DMode":false,"pivot":{"x":6.0733795166015629,"y":-7.787250518798828,"z":0.6785087585449219},"rotation":{"x":-0.0549326054751873,"y":0.9305861592292786,"z":-0.1566869020462036,"w":-0.32625311613082888},"size":74.44139099121094,"orthographic":false}